timestamp,AUDUSD
2017-01-02 00:00:00,0.72142
2017-01-02 00:01:00,0.72142
2017-01-02 00:02:00,0.72142
2017-01-02 00:03:00,0.72142
2017-01-02 00:04:00,0.72142
2017-01-02 00:05:00,0.72142
2017-01-02 00:06:00,0.72142
2017-01-02 00:07:00,0.72142
2017-01-02 00:08:00,0.7211700000000001
2017-01-02 00:09:00,0.7211700000000001
2017-01-02 00:10:00,0.7211700000000001
2017-01-02 00:11:00,0.7211700000000001
2017-01-02 00:12:00,0.7211700000000001
2017-01-02 00:13:00,0.7211700000000001
2017-01-02 00:14:00,0.7211700000000001
2017-01-02 00:15:00,0.7211700000000001
2017-01-02 00:16:00,0.7211700000000001
2017-01-02 00:17:00,0.72121
2017-01-02 00:18:00,0.72172
2017-01-02 00:19:00,0.721495
2017-01-02 00:20:00,0.72155
2017-01-02 00:21:00,0.72155
2017-01-02 00:22:00,0.72153
2017-01-02 00:23:00,0.72153
2017-01-02 00:24:00,0.72153
2017-01-02 00:25:00,0.72153
2017-01-02 00:26:00,0.72153
2017-01-02 00:27:00,0.72153
2017-01-02 00:28:00,0.72075
2017-01-02 00:29:00,0.7208
2017-01-02 00:30:00,0.7208
2017-01-02 00:31:00,0.7208
2017-01-02 00:32:00,0.7208
2017-01-02 00:33:00,0.7208
2017-01-02 00:34:00,0.7208
2017-01-02 00:35:00,0.7208
2017-01-02 00:36:00,0.7208
2017-01-02 00:37:00,0.7208
2017-01-02 00:38:00,0.7208
2017-01-02 00:39:00,0.7208
2017-01-02 00:40:00,0.7208
2017-01-02 00:41:00,0.7208
2017-01-02 00:42:00,0.7208
2017-01-02 00:43:00,0.7208
2017-01-02 00:44:00,0.7208
2017-01-02 00:45:00,0.7208
2017-01-02 00:46:00,0.7208
2017-01-02 00:47:00,0.7208
2017-01-02 00:48:00,0.7208
2017-01-02 00:49:00,0.7208
2017-01-02 00:50:00,0.7208
2017-01-02 00:51:00,0.7208
2017-01-02 00:52:00,0.7208
2017-01-02 00:53:00,0.7208
2017-01-02 00:54:00,0.7208
2017-01-02 00:55:00,0.7208
2017-01-02 00:56:00,0.7208
2017-01-02 00:57:00,0.7208
2017-01-02 00:58:00,0.7208
2017-01-02 00:59:00,0.7208
2017-01-02 01:00:00,0.7208
2017-01-02 01:01:00,0.7208
2017-01-02 01:02:00,0.7208
2017-01-02 01:03:00,0.7208
2017-01-02 01:04:00,0.7208
2017-01-02 01:05:00,0.72075
2017-01-02 01:06:00,0.72075
2017-01-02 01:07:00,0.72075
2017-01-02 01:08:00,0.72075
2017-01-02 01:09:00,0.72075
2017-01-02 01:10:00,0.72075
2017-01-02 01:11:00,0.72075
2017-01-02 01:12:00,0.72075
2017-01-02 01:13:00,0.72075
2017-01-02 01:14:00,0.72075
2017-01-02 01:15:00,0.72075
2017-01-02 01:16:00,0.72075
2017-01-02 01:17:00,0.72153
2017-01-02 01:18:00,0.72153
2017-01-02 01:19:00,0.72153
2017-01-02 01:20:00,0.72153
2017-01-02 01:21:00,0.72153
2017-01-02 01:22:00,0.72153
2017-01-02 01:23:00,0.72153
2017-01-02 01:24:00,0.72153
2017-01-02 01:25:00,0.72153
2017-01-02 01:26:00,0.72153
2017-01-02 01:27:00,0.72153
2017-01-02 01:28:00,0.72153
2017-01-02 01:29:00,0.72153
2017-01-02 01:30:00,0.72153
2017-01-02 01:31:00,0.72153
2017-01-02 01:32:00,0.72153
2017-01-02 01:33:00,0.72153
2017-01-02 01:34:00,0.72153
2017-01-02 01:35:00,0.72153
2017-01-02 01:36:00,0.72153
2017-01-02 01:37:00,0.72153
2017-01-02 01:38:00,0.72153
2017-01-02 01:39:00,0.72153
2017-01-02 01:40:00,0.72153
2017-01-02 01:41:00,0.72153
2017-01-02 01:42:00,0.72153
2017-01-02 01:43:00,0.72153
2017-01-02 01:44:00,0.72153
2017-01-02 01:45:00,0.72153
2017-01-02 01:46:00,0.72153
2017-01-02 01:47:00,0.72153
2017-01-02 01:48:00,0.72153
2017-01-02 01:49:00,0.72153
2017-01-02 01:50:00,0.72153
2017-01-02 01:51:00,0.72153
2017-01-02 01:52:00,0.72153
2017-01-02 01:53:00,0.72153
2017-01-02 01:54:00,0.72153
2017-01-02 01:55:00,0.72153
2017-01-02 01:56:00,0.72153
2017-01-02 01:57:00,0.72153
2017-01-02 01:58:00,0.72153
2017-01-02 01:59:00,0.72153
2017-01-02 02:00:00,0.72153
2017-01-02 02:01:00,0.72151
2017-01-02 02:02:00,0.72151
2017-01-02 02:03:00,0.72151
2017-01-02 02:04:00,0.72151
2017-01-02 02:05:00,0.72151
2017-01-02 02:06:00,0.72152
2017-01-02 02:07:00,0.72152
2017-01-02 02:08:00,0.72152
2017-01-02 02:09:00,0.72152
2017-01-02 02:10:00,0.72152
2017-01-02 02:11:00,0.72152
2017-01-02 02:12:00,0.72152
2017-01-02 02:13:00,0.72152
2017-01-02 02:14:00,0.72152
2017-01-02 02:15:00,0.72152
2017-01-02 02:16:00,0.72152
2017-01-02 02:17:00,0.72152
2017-01-02 02:18:00,0.72152
2017-01-02 02:19:00,0.72152
2017-01-02 02:20:00,0.72152
2017-01-02 02:21:00,0.72152
2017-01-02 02:22:00,0.72152
2017-01-02 02:23:00,0.72152
2017-01-02 02:24:00,0.72152
2017-01-02 02:25:00,0.72152
2017-01-02 02:26:00,0.72152
2017-01-02 02:27:00,0.72152
2017-01-02 02:28:00,0.72151
2017-01-02 02:29:00,0.7215
2017-01-02 02:30:00,0.7215
2017-01-02 02:31:00,0.7215
2017-01-02 02:32:00,0.72153
2017-01-02 02:33:00,0.72153
2017-01-02 02:34:00,0.72153
2017-01-02 02:35:00,0.72156
2017-01-02 02:36:00,0.72156
2017-01-02 02:37:00,0.72157
2017-01-02 02:38:00,0.72157
2017-01-02 02:39:00,0.72157
2017-01-02 02:40:00,0.72157
2017-01-02 02:41:00,0.72157
2017-01-02 02:42:00,0.72157
2017-01-02 02:43:00,0.72158
2017-01-02 02:44:00,0.72158
2017-01-02 02:45:00,0.72158
2017-01-02 02:46:00,0.72158
2017-01-02 02:47:00,0.72158
2017-01-02 02:48:00,0.72158
2017-01-02 02:49:00,0.72158
2017-01-02 02:50:00,0.72158
2017-01-02 02:51:00,0.72158
2017-01-02 02:52:00,0.72158
2017-01-02 02:53:00,0.72158
2017-01-02 02:54:00,0.72158
2017-01-02 02:55:00,0.72158
2017-01-02 02:56:00,0.72159
2017-01-02 02:57:00,0.72159
2017-01-02 02:58:00,0.72159
2017-01-02 02:59:00,0.72159
2017-01-02 03:00:00,0.72159
2017-01-02 03:01:00,0.72159
2017-01-02 03:02:00,0.72159
2017-01-02 03:03:00,0.72153
2017-01-02 03:04:00,0.72153
2017-01-02 03:05:00,0.72153
2017-01-02 03:06:00,0.72153
2017-01-02 03:07:00,0.72153
2017-01-02 03:08:00,0.7215400000000001
2017-01-02 03:09:00,0.7215400000000001
2017-01-02 03:10:00,0.7215400000000001
2017-01-02 03:11:00,0.7215400000000001
2017-01-02 03:12:00,0.7215400000000001
2017-01-02 03:13:00,0.7215400000000001
2017-01-02 03:14:00,0.7215400000000001
2017-01-02 03:15:00,0.7215400000000001
2017-01-02 03:16:00,0.7215400000000001
2017-01-02 03:17:00,0.7215400000000001
2017-01-02 03:18:00,0.7215400000000001
2017-01-02 03:19:00,0.7215400000000001
2017-01-02 03:20:00,0.7215400000000001
2017-01-02 03:21:00,0.7215400000000001
2017-01-02 03:22:00,0.7215400000000001
2017-01-02 03:23:00,0.7215400000000001
2017-01-02 03:24:00,0.7215400000000001
2017-01-02 03:25:00,0.7215400000000001
2017-01-02 03:26:00,0.7215400000000001
2017-01-02 03:27:00,0.7215400000000001
2017-01-02 03:28:00,0.7215400000000001
2017-01-02 03:29:00,0.7215400000000001
2017-01-02 03:30:00,0.7213
2017-01-02 03:31:00,0.7213
2017-01-02 03:32:00,0.72132
2017-01-02 03:33:00,0.72112
2017-01-02 03:34:00,0.72123
2017-01-02 03:35:00,0.7212099999999999
2017-01-02 03:36:00,0.7212
2017-01-02 03:37:00,0.7211799999999999
2017-01-02 03:38:00,0.7211799999999999
2017-01-02 03:39:00,0.7211799999999999
2017-01-02 03:40:00,0.7211799999999999
2017-01-02 03:41:00,0.7211799999999999
2017-01-02 03:42:00,0.7211799999999999
2017-01-02 03:43:00,0.7212700000000001
2017-01-02 03:44:00,0.7212700000000001
2017-01-02 03:45:00,0.7212799999999999
2017-01-02 03:46:00,0.7212799999999999
2017-01-02 03:47:00,0.7212799999999999
2017-01-02 03:48:00,0.7212799999999999
2017-01-02 03:49:00,0.7212799999999999
2017-01-02 03:50:00,0.7212799999999999
2017-01-02 03:51:00,0.72129
2017-01-02 03:52:00,0.72126
2017-01-02 03:53:00,0.72109
2017-01-02 03:54:00,0.72109
2017-01-02 03:55:00,0.72109
2017-01-02 03:56:00,0.72109
2017-01-02 03:57:00,0.72109
2017-01-02 03:58:00,0.72109
2017-01-02 03:59:00,0.72109
2017-01-02 04:00:00,0.72109
2017-01-02 04:01:00,0.72109
2017-01-02 04:02:00,0.72109
2017-01-02 04:03:00,0.72109
2017-01-02 04:04:00,0.72109
2017-01-02 04:05:00,0.72109
2017-01-02 04:06:00,0.72109
2017-01-02 04:07:00,0.7211099999999999
2017-01-02 04:08:00,0.7211099999999999
2017-01-02 04:09:00,0.7211099999999999
2017-01-02 04:10:00,0.7211099999999999
2017-01-02 04:11:00,0.721
2017-01-02 04:12:00,0.721
2017-01-02 04:13:00,0.72099
2017-01-02 04:14:00,0.72099
2017-01-02 04:15:00,0.72099
2017-01-02 04:16:00,0.72099
2017-01-02 04:17:00,0.72099
2017-01-02 04:18:00,0.72099
2017-01-02 04:19:00,0.7210799999999999
2017-01-02 04:20:00,0.72109
2017-01-02 04:21:00,0.7211
2017-01-02 04:22:00,0.7211099999999999
2017-01-02 04:23:00,0.7211700000000001
2017-01-02 04:24:00,0.7211799999999999
2017-01-02 04:25:00,0.7210099999999999
2017-01-02 04:26:00,0.72102
2017-01-02 04:27:00,0.72102
2017-01-02 04:28:00,0.72102
2017-01-02 04:29:00,0.72102
2017-01-02 04:30:00,0.72102
2017-01-02 04:31:00,0.72102
2017-01-02 04:32:00,0.72102
2017-01-02 04:33:00,0.72102
2017-01-02 04:34:00,0.72102
2017-01-02 04:35:00,0.7210300000000001
2017-01-02 04:36:00,0.7210300000000001
2017-01-02 04:37:00,0.7210300000000001
2017-01-02 04:38:00,0.7210300000000001
2017-01-02 04:39:00,0.721325
2017-01-02 04:40:00,0.7211099999999999
2017-01-02 04:41:00,0.72112
2017-01-02 04:42:00,0.72112
2017-01-02 04:43:00,0.72104
2017-01-02 04:44:00,0.72098
2017-01-02 04:45:00,0.72098
2017-01-02 04:46:00,0.7209700000000001
2017-01-02 04:47:00,0.72095
2017-01-02 04:48:00,0.72095
2017-01-02 04:49:00,0.7209399999999999
2017-01-02 04:50:00,0.7209399999999999
2017-01-02 04:51:00,0.7209399999999999
2017-01-02 04:52:00,0.7209399999999999
2017-01-02 04:53:00,0.7209399999999999
2017-01-02 04:54:00,0.72095
2017-01-02 04:55:00,0.72095
2017-01-02 04:56:00,0.72095
2017-01-02 04:57:00,0.72095
2017-01-02 04:58:00,0.72095
2017-01-02 04:59:00,0.72095
2017-01-02 05:00:00,0.72095
2017-01-02 05:01:00,0.72095
2017-01-02 05:02:00,0.72095
2017-01-02 05:03:00,0.72095
2017-01-02 05:04:00,0.72095
2017-01-02 05:05:00,0.72095
2017-01-02 05:06:00,0.72095
2017-01-02 05:07:00,0.72095
2017-01-02 05:08:00,0.72095
2017-01-02 05:09:00,0.72105
2017-01-02 05:10:00,0.72106
2017-01-02 05:11:00,0.72106
2017-01-02 05:12:00,0.72106
2017-01-02 05:13:00,0.72106
2017-01-02 05:14:00,0.72106
2017-01-02 05:15:00,0.72106
2017-01-02 05:16:00,0.72106
2017-01-02 05:17:00,0.72106
2017-01-02 05:18:00,0.72106
2017-01-02 05:19:00,0.72106
2017-01-02 05:20:00,0.72106
2017-01-02 05:21:00,0.72106
2017-01-02 05:22:00,0.72106
2017-01-02 05:23:00,0.72106
2017-01-02 05:24:00,0.72106
2017-01-02 05:25:00,0.72106
2017-01-02 05:26:00,0.7216899999999999
2017-01-02 05:27:00,0.7216899999999999
2017-01-02 05:28:00,0.7217
2017-01-02 05:29:00,0.72132
2017-01-02 05:30:00,0.72125
2017-01-02 05:31:00,0.7212400000000001
2017-01-02 05:32:00,0.7213149999999999
2017-01-02 05:33:00,0.721305
2017-01-02 05:34:00,0.72129
2017-01-02 05:35:00,0.721285
2017-01-02 05:36:00,0.7212799999999999
2017-01-02 05:37:00,0.7212799999999999
2017-01-02 05:38:00,0.7212799999999999
2017-01-02 05:39:00,0.721285
2017-01-02 05:40:00,0.7212799999999999
2017-01-02 05:41:00,0.7212799999999999
2017-01-02 05:42:00,0.7211700000000001
2017-01-02 05:43:00,0.72132
2017-01-02 05:44:00,0.7212149999999999
2017-01-02 05:45:00,0.72125
2017-01-02 05:46:00,0.72125
2017-01-02 05:47:00,0.72125
2017-01-02 05:48:00,0.72125
2017-01-02 05:49:00,0.72125
2017-01-02 05:50:00,0.72125
2017-01-02 05:51:00,0.72125
2017-01-02 05:52:00,0.7213050000000001
2017-01-02 05:53:00,0.721325
2017-01-02 05:54:00,0.72132
2017-01-02 05:55:00,0.72132
2017-01-02 05:56:00,0.72132
2017-01-02 05:57:00,0.72128
2017-01-02 05:58:00,0.721275
2017-01-02 05:59:00,0.721305
2017-01-02 06:00:00,0.721325
2017-01-02 06:01:00,0.721325
2017-01-02 06:02:00,0.72131
2017-01-02 06:03:00,0.72132
2017-01-02 06:04:00,0.7213200000000001
2017-01-02 06:05:00,0.7213
2017-01-02 06:06:00,0.7213200000000001
2017-01-02 06:07:00,0.721325
2017-01-02 06:08:00,0.721315
2017-01-02 06:09:00,0.721315
2017-01-02 06:10:00,0.7211650000000001
2017-01-02 06:11:00,0.7210300000000001
2017-01-02 06:12:00,0.72097
2017-01-02 06:13:00,0.72098
2017-01-02 06:14:00,0.72098
2017-01-02 06:15:00,0.72098
2017-01-02 06:16:00,0.72098
2017-01-02 06:17:00,0.72098
2017-01-02 06:18:00,0.72102
2017-01-02 06:19:00,0.7210099999999999
2017-01-02 06:20:00,0.7210099999999999
2017-01-02 06:21:00,0.7210099999999999
2017-01-02 06:22:00,0.7210099999999999
2017-01-02 06:23:00,0.7210099999999999
2017-01-02 06:24:00,0.7210099999999999
2017-01-02 06:25:00,0.7210099999999999
2017-01-02 06:26:00,0.7210099999999999
2017-01-02 06:27:00,0.7210099999999999
2017-01-02 06:28:00,0.721
2017-01-02 06:29:00,0.721
2017-01-02 06:30:00,0.721
2017-01-02 06:31:00,0.7210099999999999
2017-01-02 06:32:00,0.72102
2017-01-02 06:33:00,0.72102
2017-01-02 06:34:00,0.721105
2017-01-02 06:35:00,0.721015
2017-01-02 06:36:00,0.72105
2017-01-02 06:37:00,0.72105
2017-01-02 06:38:00,0.72105
2017-01-02 06:39:00,0.72105
2017-01-02 06:40:00,0.72106
2017-01-02 06:41:00,0.72106
2017-01-02 06:42:00,0.72106
2017-01-02 06:43:00,0.72106
2017-01-02 06:44:00,0.72106
2017-01-02 06:45:00,0.72106
2017-01-02 06:46:00,0.72106
2017-01-02 06:47:00,0.72106
2017-01-02 06:48:00,0.72106
2017-01-02 06:49:00,0.72106
2017-01-02 06:50:00,0.72106
2017-01-02 06:51:00,0.72106
2017-01-02 06:52:00,0.72106
2017-01-02 06:53:00,0.72106
2017-01-02 06:54:00,0.72106
2017-01-02 06:55:00,0.72106
2017-01-02 06:56:00,0.72106
2017-01-02 06:57:00,0.72106
2017-01-02 06:58:00,0.72106
2017-01-02 06:59:00,0.72105
2017-01-02 07:00:00,0.72104
2017-01-02 07:01:00,0.720735
2017-01-02 07:02:00,0.720715
2017-01-02 07:03:00,0.72104
2017-01-02 07:04:00,0.72104
2017-01-02 07:05:00,0.72104
2017-01-02 07:06:00,0.72104
2017-01-02 07:07:00,0.72104
2017-01-02 07:08:00,0.72104
2017-01-02 07:09:00,0.72104
2017-01-02 07:10:00,0.72104
2017-01-02 07:11:00,0.72104
2017-01-02 07:12:00,0.72104
2017-01-02 07:13:00,0.721025
2017-01-02 07:14:00,0.721015
2017-01-02 07:15:00,0.7210300000000001
2017-01-02 07:16:00,0.7210300000000001
2017-01-02 07:17:00,0.72104
2017-01-02 07:18:00,0.72104
2017-01-02 07:19:00,0.7210300000000001
2017-01-02 07:20:00,0.7210300000000001
2017-01-02 07:21:00,0.7210300000000001
2017-01-02 07:22:00,0.7210300000000001
2017-01-02 07:23:00,0.7210300000000001
2017-01-02 07:24:00,0.7210099999999999
2017-01-02 07:25:00,0.7210099999999999
2017-01-02 07:26:00,0.7210099999999999
2017-01-02 07:27:00,0.7210099999999999
2017-01-02 07:28:00,0.7210099999999999
2017-01-02 07:29:00,0.7210099999999999
2017-01-02 07:30:00,0.720395
2017-01-02 07:31:00,0.7208399999999999
2017-01-02 07:32:00,0.721
2017-01-02 07:33:00,0.7209700000000001
2017-01-02 07:34:00,0.7209700000000001
2017-01-02 07:35:00,0.7209700000000001
2017-01-02 07:36:00,0.7209700000000001
2017-01-02 07:37:00,0.720145
2017-01-02 07:38:00,0.720145
2017-01-02 07:39:00,0.72014
2017-01-02 07:40:00,0.720125
2017-01-02 07:41:00,0.7199
2017-01-02 07:42:00,0.71978
2017-01-02 07:43:00,0.719875
2017-01-02 07:44:00,0.71995
2017-01-02 07:45:00,0.7194400000000001
2017-01-02 07:46:00,0.7193700000000001
2017-01-02 07:47:00,0.71932
2017-01-02 07:48:00,0.7192799999999999
2017-01-02 07:49:00,0.71931
2017-01-02 07:50:00,0.71931
2017-01-02 07:51:00,0.719325
2017-01-02 07:52:00,0.719305
2017-01-02 07:53:00,0.7195199999999999
2017-01-02 07:54:00,0.71955
2017-01-02 07:55:00,0.71956
2017-01-02 07:56:00,0.71919
2017-01-02 07:57:00,0.7191099999999999
2017-01-02 07:58:00,0.719045
2017-01-02 07:59:00,0.7190949999999999
2017-01-02 08:00:00,0.71903
2017-01-02 08:01:00,0.719035
2017-01-02 08:02:00,0.7192000000000001
2017-01-02 08:03:00,0.7192050000000001
2017-01-02 08:04:00,0.719175
2017-01-02 08:05:00,0.71921
2017-01-02 08:06:00,0.7189450000000001
2017-01-02 08:07:00,0.71894
2017-01-02 08:08:00,0.718975
2017-01-02 08:09:00,0.71888
2017-01-02 08:10:00,0.718885
2017-01-02 08:11:00,0.719
2017-01-02 08:12:00,0.71888
2017-01-02 08:13:00,0.718905
2017-01-02 08:14:00,0.7190650000000001
2017-01-02 08:15:00,0.7189749999999999
2017-01-02 08:16:00,0.71896
2017-01-02 08:17:00,0.718755
2017-01-02 08:18:00,0.7184900000000001
2017-01-02 08:19:00,0.718515
2017-01-02 08:20:00,0.71836
2017-01-02 08:21:00,0.7185
2017-01-02 08:22:00,0.71851
2017-01-02 08:23:00,0.71861
2017-01-02 08:24:00,0.71851
2017-01-02 08:25:00,0.71862
2017-01-02 08:26:00,0.71862
2017-01-02 08:27:00,0.71862
2017-01-02 08:28:00,0.71841
2017-01-02 08:29:00,0.7183999999999999
2017-01-02 08:30:00,0.71838
2017-01-02 08:31:00,0.71838
2017-01-02 08:32:00,0.71837
2017-01-02 08:33:00,0.7183999999999999
2017-01-02 08:34:00,0.71841
2017-01-02 08:35:00,0.7187250000000001
2017-01-02 08:36:00,0.71878
2017-01-02 08:37:00,0.71878
2017-01-02 08:38:00,0.71879
2017-01-02 08:39:00,0.71879
2017-01-02 08:40:00,0.718135
2017-01-02 08:41:00,0.71821
2017-01-02 08:42:00,0.71807
2017-01-02 08:43:00,0.71807
2017-01-02 08:44:00,0.71811
2017-01-02 08:45:00,0.71816
2017-01-02 08:46:00,0.7181150000000001
2017-01-02 08:47:00,0.718085
2017-01-02 08:48:00,0.71817
2017-01-02 08:49:00,0.7179449999999999
2017-01-02 08:50:00,0.7179549999999999
2017-01-02 08:51:00,0.7179549999999999
2017-01-02 08:52:00,0.717935
2017-01-02 08:53:00,0.7179549999999999
2017-01-02 08:54:00,0.71809
2017-01-02 08:55:00,0.71809
2017-01-02 08:56:00,0.718105
2017-01-02 08:57:00,0.71792
2017-01-02 08:58:00,0.7177800000000001
2017-01-02 08:59:00,0.717685
2017-01-02 09:00:00,0.7176199999999999
2017-01-02 09:01:00,0.7173799999999999
2017-01-02 09:02:00,0.71844
2017-01-02 09:03:00,0.717535
2017-01-02 09:04:00,0.71746
2017-01-02 09:05:00,0.717365
2017-01-02 09:06:00,0.717425
2017-01-02 09:07:00,0.7173799999999999
2017-01-02 09:08:00,0.717255
2017-01-02 09:09:00,0.717205
2017-01-02 09:10:00,0.717615
2017-01-02 09:11:00,0.7173350000000001
2017-01-02 09:12:00,0.71747
2017-01-02 09:13:00,0.717435
2017-01-02 09:14:00,0.717175
2017-01-02 09:15:00,0.717465
2017-01-02 09:16:00,0.717175
2017-01-02 09:17:00,0.71719
2017-01-02 09:18:00,0.71748
2017-01-02 09:19:00,0.71746
2017-01-02 09:20:00,0.7175100000000001
2017-01-02 09:21:00,0.717305
2017-01-02 09:22:00,0.71731
2017-01-02 09:23:00,0.71737
2017-01-02 09:24:00,0.71726
2017-01-02 09:25:00,0.71726
2017-01-02 09:26:00,0.71724
2017-01-02 09:27:00,0.71732
2017-01-02 09:28:00,0.717275
2017-01-02 09:29:00,0.71729
2017-01-02 09:30:00,0.717215
2017-01-02 09:31:00,0.71697
2017-01-02 09:32:00,0.7169300000000001
2017-01-02 09:33:00,0.71704
2017-01-02 09:34:00,0.71704
2017-01-02 09:35:00,0.7173799999999999
2017-01-02 09:36:00,0.71751
2017-01-02 09:37:00,0.7176400000000001
2017-01-02 09:38:00,0.71757
2017-01-02 09:39:00,0.7176400000000001
2017-01-02 09:40:00,0.71804
2017-01-02 09:41:00,0.7180500000000001
2017-01-02 09:42:00,0.71783
2017-01-02 09:43:00,0.71787
2017-01-02 09:44:00,0.71741
2017-01-02 09:45:00,0.71736
2017-01-02 09:46:00,0.717275
2017-01-02 09:47:00,0.717325
2017-01-02 09:48:00,0.7173499999999999
2017-01-02 09:49:00,0.7173400000000001
2017-01-02 09:50:00,0.71734
2017-01-02 09:51:00,0.71734
2017-01-02 09:52:00,0.71682
2017-01-02 09:53:00,0.71691
2017-01-02 09:54:00,0.7169
2017-01-02 09:55:00,0.7167699999999999
2017-01-02 09:56:00,0.716955
2017-01-02 09:57:00,0.71698
2017-01-02 09:58:00,0.71704
2017-01-02 09:59:00,0.71703
2017-01-02 10:00:00,0.7170700000000001
2017-01-02 10:01:00,0.7170799999999999
2017-01-02 10:02:00,0.7171099999999999
2017-01-02 10:03:00,0.71712
2017-01-02 10:04:00,0.7170700000000001
2017-01-02 10:05:00,0.71705
2017-01-02 10:06:00,0.7170700000000001
2017-01-02 10:07:00,0.71704
2017-01-02 10:08:00,0.71704
2017-01-02 10:09:00,0.7173
2017-01-02 10:10:00,0.71742
2017-01-02 10:11:00,0.7176
2017-01-02 10:12:00,0.7176100000000001
2017-01-02 10:13:00,0.7175799999999999
2017-01-02 10:14:00,0.717595
2017-01-02 10:15:00,0.71763
2017-01-02 10:16:00,0.717595
2017-01-02 10:17:00,0.7175799999999999
2017-01-02 10:18:00,0.7175
2017-01-02 10:19:00,0.7175
2017-01-02 10:20:00,0.7175
2017-01-02 10:21:00,0.7175
2017-01-02 10:22:00,0.7175
2017-01-02 10:23:00,0.7175199999999999
2017-01-02 10:24:00,0.7175400000000001
2017-01-02 10:25:00,0.7175400000000001
2017-01-02 10:26:00,0.71753
2017-01-02 10:27:00,0.71755
2017-01-02 10:28:00,0.7175450000000001
2017-01-02 10:29:00,0.7175050000000001
2017-01-02 10:30:00,0.717765
2017-01-02 10:31:00,0.71831
2017-01-02 10:32:00,0.7181500000000001
2017-01-02 10:33:00,0.71838
2017-01-02 10:34:00,0.718345
2017-01-02 10:35:00,0.71821
2017-01-02 10:36:00,0.71811
2017-01-02 10:37:00,0.71811
2017-01-02 10:38:00,0.718
2017-01-02 10:39:00,0.7180900000000001
2017-01-02 10:40:00,0.7181299999999999
2017-01-02 10:41:00,0.7181
2017-01-02 10:42:00,0.71814
2017-01-02 10:43:00,0.7181200000000001
2017-01-02 10:44:00,0.71814
2017-01-02 10:45:00,0.7181500000000001
2017-01-02 10:46:00,0.71811
2017-01-02 10:47:00,0.7180900000000001
2017-01-02 10:48:00,0.718135
2017-01-02 10:49:00,0.71808
2017-01-02 10:50:00,0.71801
2017-01-02 10:51:00,0.71799
2017-01-02 10:52:00,0.7180599999999999
2017-01-02 10:53:00,0.71805
2017-01-02 10:54:00,0.717695
2017-01-02 10:55:00,0.717805
2017-01-02 10:56:00,0.71808
2017-01-02 10:57:00,0.7179200000000001
2017-01-02 10:58:00,0.7179200000000001
2017-01-02 10:59:00,0.7179200000000001
2017-01-02 11:00:00,0.7179200000000001
2017-01-02 11:01:00,0.7179200000000001
2017-01-02 11:02:00,0.71793
2017-01-02 11:03:00,0.71816
2017-01-02 11:04:00,0.71817
2017-01-02 11:05:00,0.718215
2017-01-02 11:06:00,0.7182200000000001
2017-01-02 11:07:00,0.71819
2017-01-02 11:08:00,0.7177100000000001
2017-01-02 11:09:00,0.7177
2017-01-02 11:10:00,0.71789
2017-01-02 11:11:00,0.7180850000000001
2017-01-02 11:12:00,0.71811
2017-01-02 11:13:00,0.71807
2017-01-02 11:14:00,0.71812
2017-01-02 11:15:00,0.7180850000000001
2017-01-02 11:16:00,0.71814
2017-01-02 11:17:00,0.71759
2017-01-02 11:18:00,0.7177199999999999
2017-01-02 11:19:00,0.7177
2017-01-02 11:20:00,0.7177100000000001
2017-01-02 11:21:00,0.7177899999999999
2017-01-02 11:22:00,0.7177800000000001
2017-01-02 11:23:00,0.7177899999999999
2017-01-02 11:24:00,0.71782
2017-01-02 11:25:00,0.7178800000000001
2017-01-02 11:26:00,0.71782
2017-01-02 11:27:00,0.71782
2017-01-02 11:28:00,0.7177199999999999
2017-01-02 11:29:00,0.71774
2017-01-02 11:30:00,0.7177
2017-01-02 11:31:00,0.7177100000000001
2017-01-02 11:32:00,0.7177199999999999
2017-01-02 11:33:00,0.71766
2017-01-02 11:34:00,0.7177
2017-01-02 11:35:00,0.7177100000000001
2017-01-02 11:36:00,0.7177100000000001
2017-01-02 11:37:00,0.71773
2017-01-02 11:38:00,0.71774
2017-01-02 11:39:00,0.71774
2017-01-02 11:40:00,0.71774
2017-01-02 11:41:00,0.71774
2017-01-02 11:42:00,0.71774
2017-01-02 11:43:00,0.71774
2017-01-02 11:44:00,0.71766
2017-01-02 11:45:00,0.71766
2017-01-02 11:46:00,0.7177
2017-01-02 11:47:00,0.71795
2017-01-02 11:48:00,0.71801
2017-01-02 11:49:00,0.71791
2017-01-02 11:50:00,0.71791
2017-01-02 11:51:00,0.71791
2017-01-02 11:52:00,0.71791
2017-01-02 11:53:00,0.71791
2017-01-02 11:54:00,0.71791
2017-01-02 11:55:00,0.71791
2017-01-02 11:56:00,0.71791
2017-01-02 11:57:00,0.71793
2017-01-02 11:58:00,0.71793
2017-01-02 11:59:00,0.71793
2017-01-02 12:00:00,0.71793
2017-01-02 12:01:00,0.71794
2017-01-02 12:02:00,0.71793
2017-01-02 12:03:00,0.71793
2017-01-02 12:04:00,0.71787
2017-01-02 12:05:00,0.71792
2017-01-02 12:06:00,0.71792
2017-01-02 12:07:00,0.718
2017-01-02 12:08:00,0.71782
2017-01-02 12:09:00,0.71778
2017-01-02 12:10:00,0.71773
2017-01-02 12:11:00,0.71776
2017-01-02 12:12:00,0.71777
2017-01-02 12:13:00,0.71751
2017-01-02 12:14:00,0.71756
2017-01-02 12:15:00,0.71759
2017-01-02 12:16:00,0.71759
2017-01-02 12:17:00,0.71759
2017-01-02 12:18:00,0.71759
2017-01-02 12:19:00,0.7179599999999999
2017-01-02 12:20:00,0.7178549999999999
2017-01-02 12:21:00,0.71797
2017-01-02 12:22:00,0.717955
2017-01-02 12:23:00,0.71794
2017-01-02 12:24:00,0.7179599999999999
2017-01-02 12:25:00,0.71782
2017-01-02 12:26:00,0.71793
2017-01-02 12:27:00,0.7179500000000001
2017-01-02 12:28:00,0.71811
2017-01-02 12:29:00,0.71817
2017-01-02 12:30:00,0.71817
2017-01-02 12:31:00,0.717815
2017-01-02 12:32:00,0.7178599999999999
2017-01-02 12:33:00,0.71784
2017-01-02 12:34:00,0.717875
2017-01-02 12:35:00,0.717635
2017-01-02 12:36:00,0.71775
2017-01-02 12:37:00,0.71774
2017-01-02 12:38:00,0.71774
2017-01-02 12:39:00,0.717735
2017-01-02 12:40:00,0.71774
2017-01-02 12:41:00,0.717735
2017-01-02 12:42:00,0.71774
2017-01-02 12:43:00,0.717735
2017-01-02 12:44:00,0.71773
2017-01-02 12:45:00,0.71774
2017-01-02 12:46:00,0.717735
2017-01-02 12:47:00,0.71773
2017-01-02 12:48:00,0.71773
2017-01-02 12:49:00,0.71774
2017-01-02 12:50:00,0.71774
2017-01-02 12:51:00,0.71773
2017-01-02 12:52:00,0.71772
2017-01-02 12:53:00,0.71771
2017-01-02 12:54:00,0.71771
2017-01-02 12:55:00,0.71771
2017-01-02 12:56:00,0.717775
2017-01-02 12:57:00,0.71777
2017-01-02 12:58:00,0.717755
2017-01-02 12:59:00,0.717765
2017-01-02 13:00:00,0.7177500000000001
2017-01-02 13:01:00,0.71834
2017-01-02 13:02:00,0.71829
2017-01-02 13:03:00,0.71825
2017-01-02 13:04:00,0.71817
2017-01-02 13:05:00,0.71817
2017-01-02 13:06:00,0.71819
2017-01-02 13:07:00,0.71819
2017-01-02 13:08:00,0.71819
2017-01-02 13:09:00,0.7181200000000001
2017-01-02 13:10:00,0.717895
2017-01-02 13:11:00,0.718
2017-01-02 13:12:00,0.71803
2017-01-02 13:13:00,0.71803
2017-01-02 13:14:00,0.718
2017-01-02 13:15:00,0.7179
2017-01-02 13:16:00,0.71788
2017-01-02 13:17:00,0.7179
2017-01-02 13:18:00,0.71795
2017-01-02 13:19:00,0.717975
2017-01-02 13:20:00,0.71797
2017-01-02 13:21:00,0.71798
2017-01-02 13:22:00,0.717955
2017-01-02 13:23:00,0.717955
2017-01-02 13:24:00,0.717955
2017-01-02 13:25:00,0.718075
2017-01-02 13:26:00,0.7180150000000001
2017-01-02 13:27:00,0.71792
2017-01-02 13:28:00,0.7179
2017-01-02 13:29:00,0.71792
2017-01-02 13:30:00,0.7179
2017-01-02 13:31:00,0.717915
2017-01-02 13:32:00,0.71791
2017-01-02 13:33:00,0.71791
2017-01-02 13:34:00,0.71791
2017-01-02 13:35:00,0.71789
2017-01-02 13:36:00,0.71789
2017-01-02 13:37:00,0.71793
2017-01-02 13:38:00,0.71793
2017-01-02 13:39:00,0.71791
2017-01-02 13:40:00,0.7177549999999999
2017-01-02 13:41:00,0.717755
2017-01-02 13:42:00,0.717715
2017-01-02 13:43:00,0.7177150000000001
2017-01-02 13:44:00,0.717705
2017-01-02 13:45:00,0.7177549999999999
2017-01-02 13:46:00,0.71775
2017-01-02 13:47:00,0.7178150000000001
2017-01-02 13:48:00,0.7178
2017-01-02 13:49:00,0.7178150000000001
2017-01-02 13:50:00,0.717725
2017-01-02 13:51:00,0.7178549999999999
2017-01-02 13:52:00,0.7172449999999999
2017-01-02 13:53:00,0.717365
2017-01-02 13:54:00,0.71749
2017-01-02 13:55:00,0.717485
2017-01-02 13:56:00,0.71747
2017-01-02 13:57:00,0.717525
2017-01-02 13:58:00,0.71748
2017-01-02 13:59:00,0.71747
2017-01-02 14:00:00,0.717465
2017-01-02 14:01:00,0.717365
2017-01-02 14:02:00,0.71749
2017-01-02 14:03:00,0.717475
2017-01-02 14:04:00,0.71746
2017-01-02 14:05:00,0.7179249999999999
2017-01-02 14:06:00,0.717785
2017-01-02 14:07:00,0.7178450000000001
2017-01-02 14:08:00,0.7178800000000001
2017-01-02 14:09:00,0.717885
2017-01-02 14:10:00,0.717805
2017-01-02 14:11:00,0.718005
2017-01-02 14:12:00,0.71809
2017-01-02 14:13:00,0.71804
2017-01-02 14:14:00,0.71807
2017-01-02 14:15:00,0.71807
2017-01-02 14:16:00,0.71806
2017-01-02 14:17:00,0.71806
2017-01-02 14:18:00,0.71806
2017-01-02 14:19:00,0.71806
2017-01-02 14:20:00,0.718195
2017-01-02 14:21:00,0.718
2017-01-02 14:22:00,0.718
2017-01-02 14:23:00,0.71802
2017-01-02 14:24:00,0.71802
2017-01-02 14:25:00,0.71799
2017-01-02 14:26:00,0.7179949999999999
2017-01-02 14:27:00,0.71799
2017-01-02 14:28:00,0.71799
2017-01-02 14:29:00,0.71809
2017-01-02 14:30:00,0.7181299999999999
2017-01-02 14:31:00,0.7181299999999999
2017-01-02 14:32:00,0.7181
2017-01-02 14:33:00,0.7181299999999999
2017-01-02 14:34:00,0.71811
2017-01-02 14:35:00,0.7181200000000001
2017-01-02 14:36:00,0.71813
2017-01-02 14:37:00,0.7181249999999999
2017-01-02 14:38:00,0.718145
2017-01-02 14:39:00,0.71809
2017-01-02 14:40:00,0.718125
2017-01-02 14:41:00,0.7184550000000001
2017-01-02 14:42:00,0.7184950000000001
2017-01-02 14:43:00,0.7187250000000001
2017-01-02 14:44:00,0.71862
2017-01-02 14:45:00,0.7189749999999999
2017-01-02 14:46:00,0.71894
2017-01-02 14:47:00,0.718745
2017-01-02 14:48:00,0.718775
2017-01-02 14:49:00,0.71885
2017-01-02 14:50:00,0.7188399999999999
2017-01-02 14:51:00,0.71885
2017-01-02 14:52:00,0.7188399999999999
2017-01-02 14:53:00,0.71885
2017-01-02 14:54:00,0.718825
2017-01-02 14:55:00,0.71878
2017-01-02 14:56:00,0.7187600000000001
2017-01-02 14:57:00,0.7186649999999999
2017-01-02 14:58:00,0.718595
2017-01-02 14:59:00,0.718635
2017-01-02 15:00:00,0.71854
2017-01-02 15:01:00,0.7183299999999999
2017-01-02 15:02:00,0.71835
2017-01-02 15:03:00,0.71836
2017-01-02 15:04:00,0.71835
2017-01-02 15:05:00,0.718365
2017-01-02 15:06:00,0.7184
2017-01-02 15:07:00,0.71827
2017-01-02 15:08:00,0.71827
2017-01-02 15:09:00,0.7184
2017-01-02 15:10:00,0.71838
2017-01-02 15:11:00,0.7184250000000001
2017-01-02 15:12:00,0.7184349999999999
2017-01-02 15:13:00,0.71849
2017-01-02 15:14:00,0.7185
2017-01-02 15:15:00,0.71863
2017-01-02 15:16:00,0.718665
2017-01-02 15:17:00,0.718635
2017-01-02 15:18:00,0.7186
2017-01-02 15:19:00,0.71862
2017-01-02 15:20:00,0.7185900000000001
2017-01-02 15:21:00,0.7185900000000001
2017-01-02 15:22:00,0.718655
2017-01-02 15:23:00,0.71869
2017-01-02 15:24:00,0.718695
2017-01-02 15:25:00,0.71859
2017-01-02 15:26:00,0.7187
2017-01-02 15:27:00,0.718655
2017-01-02 15:28:00,0.718655
2017-01-02 15:29:00,0.718645
2017-01-02 15:30:00,0.7187
2017-01-02 15:31:00,0.718685
2017-01-02 15:32:00,0.718675
2017-01-02 15:33:00,0.7186899999999999
2017-01-02 15:34:00,0.7187649999999999
2017-01-02 15:35:00,0.7186899999999999
2017-01-02 15:36:00,0.7186250000000001
2017-01-02 15:37:00,0.7186999999999999
2017-01-02 15:38:00,0.71875
2017-01-02 15:39:00,0.718885
2017-01-02 15:40:00,0.7186600000000001
2017-01-02 15:41:00,0.7186699999999999
2017-01-02 15:42:00,0.71867
2017-01-02 15:43:00,0.718675
2017-01-02 15:44:00,0.71867
2017-01-02 15:45:00,0.71873
2017-01-02 15:46:00,0.7187600000000001
2017-01-02 15:47:00,0.71878
2017-01-02 15:48:00,0.71878
2017-01-02 15:49:00,0.71878
2017-01-02 15:50:00,0.71879
2017-01-02 15:51:00,0.71879
2017-01-02 15:52:00,0.71879
2017-01-02 15:53:00,0.71871
2017-01-02 15:54:00,0.71875
2017-01-02 15:55:00,0.71875
2017-01-02 15:56:00,0.7188000000000001
2017-01-02 15:57:00,0.71875
2017-01-02 15:58:00,0.71875
2017-01-02 15:59:00,0.71864
2017-01-02 16:00:00,0.71864
2017-01-02 16:01:00,0.7185900000000001
2017-01-02 16:02:00,0.7185
2017-01-02 16:03:00,0.718505
2017-01-02 16:04:00,0.7185
2017-01-02 16:05:00,0.71852
2017-01-02 16:06:00,0.71853
2017-01-02 16:07:00,0.71853
2017-01-02 16:08:00,0.71853
2017-01-02 16:09:00,0.71853
2017-01-02 16:10:00,0.71853
2017-01-02 16:11:00,0.71853
2017-01-02 16:12:00,0.71853
2017-01-02 16:13:00,0.718575
2017-01-02 16:14:00,0.7185600000000001
2017-01-02 16:15:00,0.7185600000000001
2017-01-02 16:16:00,0.7185600000000001
2017-01-02 16:17:00,0.7185600000000001
2017-01-02 16:18:00,0.7185600000000001
2017-01-02 16:19:00,0.7184900000000001
2017-01-02 16:20:00,0.71855
2017-01-02 16:21:00,0.71852
2017-01-02 16:22:00,0.71834
2017-01-02 16:23:00,0.71833
2017-01-02 16:24:00,0.71833
2017-01-02 16:25:00,0.71831
2017-01-02 16:26:00,0.71828
2017-01-02 16:27:00,0.71829
2017-01-02 16:28:00,0.71829
2017-01-02 16:29:00,0.7182999999999999
2017-01-02 16:30:00,0.7182999999999999
2017-01-02 16:31:00,0.7182999999999999
2017-01-02 16:32:00,0.71827
2017-01-02 16:33:00,0.71835
2017-01-02 16:34:00,0.71839
2017-01-02 16:35:00,0.71841
2017-01-02 16:36:00,0.7184200000000001
2017-01-02 16:37:00,0.71841
2017-01-02 16:38:00,0.71845
2017-01-02 16:39:00,0.7184699999999999
2017-01-02 16:40:00,0.7184699999999999
2017-01-02 16:41:00,0.7184699999999999
2017-01-02 16:42:00,0.7184699999999999
2017-01-02 16:43:00,0.7183999999999999
2017-01-02 16:44:00,0.7184
2017-01-02 16:45:00,0.7184
2017-01-02 16:46:00,0.71838
2017-01-02 16:47:00,0.71838
2017-01-02 16:48:00,0.71837
2017-01-02 16:49:00,0.71837
2017-01-02 16:50:00,0.71837
2017-01-02 16:51:00,0.71837
2017-01-02 16:52:00,0.71837
2017-01-02 16:53:00,0.71837
2017-01-02 16:54:00,0.71844
2017-01-02 16:55:00,0.71848
2017-01-02 16:56:00,0.71851
2017-01-02 16:57:00,0.71854
2017-01-02 16:58:00,0.7185600000000001
2017-01-02 16:59:00,0.71855
2017-01-02 17:00:00,0.71856
2017-01-02 17:01:00,0.71856
2017-01-02 17:02:00,0.7185699999999999
2017-01-02 17:03:00,0.7186
2017-01-02 17:04:00,0.7186299999999999
2017-01-02 17:05:00,0.7186299999999999
2017-01-02 17:06:00,0.71862
2017-01-02 17:07:00,0.71862
2017-01-02 17:08:00,0.71862
2017-01-02 17:09:00,0.71862
2017-01-02 17:10:00,0.71862
2017-01-02 17:11:00,0.71862
2017-01-02 17:12:00,0.71862
2017-01-02 17:13:00,0.71853
2017-01-02 17:14:00,0.71854
2017-01-02 17:15:00,0.71855
2017-01-02 17:16:00,0.71856
2017-01-02 17:17:00,0.71856
2017-01-02 17:18:00,0.7185699999999999
2017-01-02 17:19:00,0.71858
2017-01-02 17:20:00,0.7185900000000001
2017-01-02 17:21:00,0.71861
2017-01-02 17:22:00,0.71861
2017-01-02 17:23:00,0.71861
2017-01-02 17:24:00,0.71863
2017-01-02 17:25:00,0.71864
2017-01-02 17:26:00,0.71854
2017-01-02 17:27:00,0.71851
2017-01-02 17:28:00,0.7185
2017-01-02 17:29:00,0.7185
2017-01-02 17:30:00,0.7185
2017-01-02 17:31:00,0.7185
2017-01-02 17:32:00,0.7185
2017-01-02 17:33:00,0.7185
2017-01-02 17:34:00,0.7185
2017-01-02 17:35:00,0.7185
2017-01-02 17:36:00,0.7185
2017-01-02 17:37:00,0.7185
2017-01-02 17:38:00,0.7185
2017-01-02 17:39:00,0.7185
2017-01-02 17:40:00,0.71852
2017-01-02 17:41:00,0.71852
2017-01-02 17:42:00,0.71852
2017-01-02 17:43:00,0.71852
2017-01-02 17:44:00,0.71852
2017-01-02 17:45:00,0.71851
2017-01-02 17:46:00,0.71851
2017-01-02 17:47:00,0.7185
2017-01-02 17:48:00,0.7185
2017-01-02 17:49:00,0.7185
2017-01-02 17:50:00,0.7184
2017-01-02 17:51:00,0.7184
2017-01-02 17:52:00,0.71841
2017-01-02 17:53:00,0.71841
2017-01-02 17:54:00,0.71841
2017-01-02 17:55:00,0.7184
2017-01-02 17:56:00,0.7184
2017-01-02 17:57:00,0.7184
2017-01-02 17:58:00,0.7184
2017-01-02 17:59:00,0.71841
2017-01-02 18:00:00,0.71842
2017-01-02 18:01:00,0.71843
2017-01-02 18:02:00,0.71845
2017-01-02 18:03:00,0.71846
2017-01-02 18:04:00,0.71846
2017-01-02 18:05:00,0.7184699999999999
2017-01-02 18:06:00,0.71851
2017-01-02 18:07:00,0.71856
2017-01-02 18:08:00,0.71856
2017-01-02 18:09:00,0.71856
2017-01-02 18:10:00,0.71856
2017-01-02 18:11:00,0.7185699999999999
2017-01-02 18:12:00,0.7185699999999999
2017-01-02 18:13:00,0.7185699999999999
2017-01-02 18:14:00,0.7185699999999999
2017-01-02 18:15:00,0.7185699999999999
2017-01-02 18:16:00,0.7185
2017-01-02 18:17:00,0.718525
2017-01-02 18:18:00,0.71843
2017-01-02 18:19:00,0.71845
2017-01-02 18:20:00,0.71843
2017-01-02 18:21:00,0.71842
2017-01-02 18:22:00,0.71842
2017-01-02 18:23:00,0.71843
2017-01-02 18:24:00,0.71843
2017-01-02 18:25:00,0.7184600000000001
2017-01-02 18:26:00,0.71845
2017-01-02 18:27:00,0.71843
2017-01-02 18:28:00,0.71844
2017-01-02 18:29:00,0.71842
2017-01-02 18:30:00,0.71844
2017-01-02 18:31:00,0.7184
2017-01-02 18:32:00,0.71838
2017-01-02 18:33:00,0.71842
2017-01-02 18:34:00,0.71841
2017-01-02 18:35:00,0.71842
2017-01-02 18:36:00,0.71842
2017-01-02 18:37:00,0.71841
2017-01-02 18:38:00,0.7184349999999999
2017-01-02 18:39:00,0.71841
2017-01-02 18:40:00,0.7184
2017-01-02 18:41:00,0.71824
2017-01-02 18:42:00,0.71824
2017-01-02 18:43:00,0.71824
2017-01-02 18:44:00,0.71824
2017-01-02 18:45:00,0.71826
2017-01-02 18:46:00,0.71826
2017-01-02 18:47:00,0.71826
2017-01-02 18:48:00,0.71826
2017-01-02 18:49:00,0.71826
2017-01-02 18:50:00,0.71826
2017-01-02 18:51:00,0.71826
2017-01-02 18:52:00,0.71823
2017-01-02 18:53:00,0.71824
2017-01-02 18:54:00,0.71824
2017-01-02 18:55:00,0.71821
2017-01-02 18:56:00,0.71821
2017-01-02 18:57:00,0.71821
2017-01-02 18:58:00,0.71818
2017-01-02 18:59:00,0.71817
2017-01-02 19:00:00,0.71817
2017-01-02 19:01:00,0.71817
2017-01-02 19:02:00,0.71817
2017-01-02 19:03:00,0.71817
2017-01-02 19:04:00,0.71817
2017-01-02 19:05:00,0.71817
2017-01-02 19:06:00,0.71819
2017-01-02 19:07:00,0.71822
2017-01-02 19:08:00,0.71825
2017-01-02 19:09:00,0.71827
2017-01-02 19:10:00,0.71827
2017-01-02 19:11:00,0.71827
2017-01-02 19:12:00,0.71827
2017-01-02 19:13:00,0.71827
2017-01-02 19:14:00,0.71827
2017-01-02 19:15:00,0.71827
2017-01-02 19:16:00,0.71812
2017-01-02 19:17:00,0.7181
2017-01-02 19:18:00,0.718025
2017-01-02 19:19:00,0.71807
2017-01-02 19:20:00,0.7180599999999999
2017-01-02 19:21:00,0.71805
2017-01-02 19:22:00,0.7180599999999999
2017-01-02 19:23:00,0.71808
2017-01-02 19:24:00,0.71808
2017-01-02 19:25:00,0.71808
2017-01-02 19:26:00,0.71808
2017-01-02 19:27:00,0.71808
2017-01-02 19:28:00,0.71808
2017-01-02 19:29:00,0.71808
2017-01-02 19:30:00,0.71818
2017-01-02 19:31:00,0.71824
2017-01-02 19:32:00,0.71827
2017-01-02 19:33:00,0.7182999999999999
2017-01-02 19:34:00,0.7184
2017-01-02 19:35:00,0.71842
2017-01-02 19:36:00,0.71835
2017-01-02 19:37:00,0.71833
2017-01-02 19:38:00,0.71831
2017-01-02 19:39:00,0.71831
2017-01-02 19:40:00,0.7187
2017-01-02 19:41:00,0.71861
2017-01-02 19:42:00,0.7185900000000001
2017-01-02 19:43:00,0.7185900000000001
2017-01-02 19:44:00,0.7185900000000001
2017-01-02 19:45:00,0.7185900000000001
2017-01-02 19:46:00,0.71836
2017-01-02 19:47:00,0.7183900000000001
2017-01-02 19:48:00,0.7184200000000001
2017-01-02 19:49:00,0.71845
2017-01-02 19:50:00,0.71848
2017-01-02 19:51:00,0.71851
2017-01-02 19:52:00,0.71854
2017-01-02 19:53:00,0.71855
2017-01-02 19:54:00,0.71855
2017-01-02 19:55:00,0.71855
2017-01-02 19:56:00,0.71844
2017-01-02 19:57:00,0.71841
2017-01-02 19:58:00,0.71841
2017-01-02 19:59:00,0.71841
2017-01-02 20:00:00,0.71841
2017-01-02 20:01:00,0.7184699999999999
2017-01-02 20:02:00,0.71838
2017-01-02 20:03:00,0.71833
2017-01-02 20:04:00,0.7183200000000001
2017-01-02 20:05:00,0.7183200000000001
2017-01-02 20:06:00,0.71833
2017-01-02 20:07:00,0.7183200000000001
2017-01-02 20:08:00,0.7183200000000001
2017-01-02 20:09:00,0.7183200000000001
2017-01-02 20:10:00,0.71868
2017-01-02 20:11:00,0.718675
2017-01-02 20:12:00,0.71828
2017-01-02 20:13:00,0.718275
2017-01-02 20:14:00,0.71827
2017-01-02 20:15:00,0.71829
2017-01-02 20:16:00,0.71829
2017-01-02 20:17:00,0.71829
2017-01-02 20:18:00,0.71828
2017-01-02 20:19:00,0.71827
2017-01-02 20:20:00,0.71828
2017-01-02 20:21:00,0.71832
2017-01-02 20:22:00,0.71833
2017-01-02 20:23:00,0.71837
2017-01-02 20:24:00,0.718345
2017-01-02 20:25:00,0.71837
2017-01-02 20:26:00,0.71834
2017-01-02 20:27:00,0.71831
2017-01-02 20:28:00,0.71841
2017-01-02 20:29:00,0.71838
2017-01-02 20:30:00,0.71835
2017-01-02 20:31:00,0.71835
2017-01-02 20:32:00,0.71835
2017-01-02 20:33:00,0.71835
2017-01-02 20:34:00,0.71837
2017-01-02 20:35:00,0.71835
2017-01-02 20:36:00,0.71836
2017-01-02 20:37:00,0.71835
2017-01-02 20:38:00,0.71875
2017-01-02 20:39:00,0.71872
2017-01-02 20:40:00,0.71871
2017-01-02 20:41:00,0.71871
2017-01-02 20:42:00,0.71871
2017-01-02 20:43:00,0.71871
2017-01-02 20:44:00,0.71871
2017-01-02 20:45:00,0.71871
2017-01-02 20:46:00,0.71871
2017-01-02 20:47:00,0.7187
2017-01-02 20:48:00,0.71872
2017-01-02 20:49:00,0.71872
2017-01-02 20:50:00,0.71872
2017-01-02 20:51:00,0.71872
2017-01-02 20:52:00,0.71872
2017-01-02 20:53:00,0.71872
2017-01-02 20:54:00,0.71871
2017-01-02 20:55:00,0.71855
2017-01-02 20:56:00,0.71855
2017-01-02 20:57:00,0.71855
2017-01-02 20:58:00,0.71855
2017-01-02 20:59:00,0.7187
2017-01-02 21:00:00,0.7185600000000001
2017-01-02 21:01:00,0.71854
2017-01-02 21:02:00,0.71855
2017-01-02 21:03:00,0.71868
2017-01-02 21:04:00,0.71875
2017-01-02 21:05:00,0.7187600000000001
2017-01-02 21:06:00,0.71848
2017-01-02 21:07:00,0.718475
2017-01-02 21:08:00,0.71848
2017-01-02 21:09:00,0.718515
2017-01-02 21:10:00,0.71854
2017-01-02 21:11:00,0.71855
2017-01-02 21:12:00,0.71853
2017-01-02 21:13:00,0.7185
2017-01-02 21:14:00,0.7183849999999999
2017-01-02 21:15:00,0.71864
2017-01-02 21:16:00,0.71864
2017-01-02 21:17:00,0.718665
2017-01-02 21:18:00,0.71864
2017-01-02 21:19:00,0.7184300000000001
2017-01-02 21:20:00,0.718415
2017-01-02 21:21:00,0.7184600000000001
2017-01-02 21:22:00,0.718615
2017-01-02 21:23:00,0.7185699999999999
2017-01-02 21:24:00,0.71859
2017-01-02 21:25:00,0.71859
2017-01-02 21:26:00,0.71857
2017-01-02 21:27:00,0.718575
2017-01-02 21:28:00,0.71858
2017-01-02 21:29:00,0.7185900000000001
2017-01-02 21:30:00,0.71844
2017-01-02 21:31:00,0.71844
2017-01-02 21:32:00,0.718445
2017-01-02 21:33:00,0.7184600000000001
2017-01-02 21:34:00,0.71845
2017-01-02 21:35:00,0.71844
2017-01-02 21:36:00,0.71851
2017-01-02 21:37:00,0.7184600000000001
2017-01-02 21:38:00,0.71845
2017-01-02 21:39:00,0.7184600000000001
2017-01-02 21:40:00,0.7184600000000001
2017-01-02 21:41:00,0.71845
2017-01-02 21:42:00,0.718485
2017-01-02 21:43:00,0.7184299999999999
2017-01-02 21:44:00,0.7184200000000001
2017-01-02 21:45:00,0.718475
2017-01-02 21:46:00,0.718445
2017-01-02 21:47:00,0.718385
2017-01-02 21:48:00,0.718385
2017-01-02 21:49:00,0.7183599999999999
2017-01-02 21:50:00,0.71846
2017-01-02 21:51:00,0.718445
2017-01-02 21:52:00,0.7183599999999999
2017-01-02 21:53:00,0.718475
2017-01-02 21:54:00,0.71835
2017-01-02 21:55:00,0.7183550000000001
2017-01-02 21:56:00,0.71848
2017-01-02 21:57:00,0.71848
2017-01-02 21:58:00,0.71848
2017-01-02 21:59:00,0.718445
2017-01-02 22:00:00,
2017-01-02 22:01:00,0.718425
2017-01-02 22:02:00,0.718425
2017-01-02 22:03:00,0.71843
2017-01-02 22:04:00,0.71847
2017-01-02 22:05:00,0.7184299999999999
2017-01-02 22:06:00,0.71872
2017-01-02 22:07:00,0.718715
2017-01-02 22:08:00,0.718665
2017-01-02 22:09:00,0.718675
2017-01-02 22:10:00,0.71862
2017-01-02 22:11:00,0.718685
2017-01-02 22:12:00,0.7186600000000001
2017-01-02 22:13:00,0.7188399999999999
2017-01-02 22:14:00,0.718785
2017-01-02 22:15:00,0.718745
2017-01-02 22:16:00,0.7187800000000001
2017-01-02 22:17:00,0.718785
2017-01-02 22:18:00,0.71875
2017-01-02 22:19:00,0.718785
2017-01-02 22:20:00,0.718755
2017-01-02 22:21:00,0.718745
2017-01-02 22:22:00,0.718765
2017-01-02 22:23:00,0.71887
2017-01-02 22:24:00,0.7188
2017-01-02 22:25:00,0.71888
2017-01-02 22:26:00,0.718845
2017-01-02 22:27:00,0.7189300000000001
2017-01-02 22:28:00,0.71926
2017-01-02 22:29:00,0.71926
2017-01-02 22:30:00,0.7189700000000001
2017-01-02 22:31:00,0.7190350000000001
2017-01-02 22:32:00,0.7190650000000001
2017-01-02 22:33:00,0.719355
2017-01-02 22:34:00,0.719175
2017-01-02 22:35:00,0.719075
2017-01-02 22:36:00,0.7190049999999999
2017-01-02 22:37:00,0.718925
2017-01-02 22:38:00,0.719085
2017-01-02 22:39:00,0.7190099999999999
2017-01-02 22:40:00,0.71909
2017-01-02 22:41:00,0.719095
2017-01-02 22:42:00,0.71913
2017-01-02 22:43:00,0.7190350000000001
2017-01-02 22:44:00,0.71926
2017-01-02 22:45:00,0.71926
2017-01-02 22:46:00,0.7192449999999999
2017-01-02 22:47:00,0.7192799999999999
2017-01-02 22:48:00,0.719515
2017-01-02 22:49:00,0.719635
2017-01-02 22:50:00,0.719585
2017-01-02 22:51:00,0.7196
2017-01-02 22:52:00,0.71949
2017-01-02 22:53:00,0.719515
2017-01-02 22:54:00,0.719665
2017-01-02 22:55:00,0.719665
2017-01-02 22:56:00,0.7196149999999999
2017-01-02 22:57:00,0.719595
2017-01-02 22:58:00,0.719755
2017-01-02 22:59:00,0.719645
2017-01-02 23:00:00,0.7199450000000001
2017-01-02 23:01:00,0.71984
2017-01-02 23:02:00,0.719865
2017-01-02 23:03:00,0.71961
2017-01-02 23:04:00,0.719515
2017-01-02 23:05:00,0.719395
2017-01-02 23:06:00,0.71951
2017-01-02 23:07:00,0.71959
2017-01-02 23:08:00,0.71948
2017-01-02 23:09:00,0.7194799999999999
2017-01-02 23:10:00,0.71928
2017-01-02 23:11:00,0.71946
2017-01-02 23:12:00,0.7197
2017-01-02 23:13:00,0.7196799999999999
2017-01-02 23:14:00,0.719575
2017-01-02 23:15:00,0.7197450000000001
2017-01-02 23:16:00,0.71977
2017-01-02 23:17:00,0.7197600000000001
2017-01-02 23:18:00,0.7196850000000001
2017-01-02 23:19:00,0.7195799999999999
2017-01-02 23:20:00,0.7196899999999999
2017-01-02 23:21:00,0.71967
2017-01-02 23:22:00,0.719865
2017-01-02 23:23:00,0.719885
2017-01-02 23:24:00,0.71999
2017-01-02 23:25:00,0.719985
2017-01-02 23:26:00,0.7199599999999999
2017-01-02 23:27:00,0.71997
2017-01-02 23:28:00,0.71997
2017-01-02 23:29:00,0.719975
2017-01-02 23:30:00,0.71998
2017-01-02 23:31:00,0.72001
2017-01-02 23:32:00,0.7199949999999999
2017-01-02 23:33:00,0.72007
2017-01-02 23:34:00,0.7200850000000001
2017-01-02 23:35:00,0.7201
2017-01-02 23:36:00,0.7201
2017-01-02 23:37:00,0.720105
2017-01-02 23:38:00,0.72024
2017-01-02 23:39:00,0.7202649999999999
2017-01-02 23:40:00,0.72007
2017-01-02 23:41:00,0.7201850000000001
2017-01-02 23:42:00,0.7201299999999999
2017-01-02 23:43:00,0.72004
2017-01-02 23:44:00,0.719895
2017-01-02 23:45:00,0.7198899999999999
2017-01-02 23:46:00,0.7196849999999999
2017-01-02 23:47:00,0.71976
2017-01-02 23:48:00,0.719565
2017-01-02 23:49:00,0.719455
2017-01-02 23:50:00,0.719545
2017-01-02 23:51:00,0.7192700000000001
2017-01-02 23:52:00,0.719475
2017-01-02 23:53:00,0.71947
2017-01-02 23:54:00,0.719455
2017-01-02 23:55:00,0.719395
2017-01-02 23:56:00,0.7193849999999999
2017-01-02 23:57:00,0.719365
2017-01-02 23:58:00,0.7193700000000001
2017-01-02 23:59:00,0.719595
